{
  "version": 1,
  "author": "Umar Nadeem",
  "editor": "wokwi",
  "parts": [
    { "type": "wokwi-breadboard-mini", "id": "bb1", "top": 133, "left": 256.8, "attrs": {} },
    { "type": "wokwi-arduino-uno", "id": "uno", "top": -172.2, "left": 383.4, "attrs": {} },
    { "type": "chip-l298n", "id": "driver1", "top": 77.82, "left": -33.6, "attrs": {} },
    {
      "type": "wokwi-led",
      "id": "led1",
      "top": 15.6,
      "left": -111.4,
      "attrs": { "color": "green" }
    },
    {
      "type": "wokwi-led",
      "id": "led2",
      "top": 150,
      "left": -111.4,
      "attrs": { "color": "green" }
    },
    {
      "type": "wokwi-led",
      "id": "led3",
      "top": 15.6,
      "left": 109.4,
      "attrs": { "color": "green" }
    },
    {
      "type": "wokwi-led",
      "id": "led4",
      "top": 159.6,
      "left": 99.8,
      "attrs": { "color": "green" }
    },
    {
      "type": "wokwi-photoresistor-sensor",
      "id": "ldr1",
      "top": -131.2,
      "left": -344.8,
      "attrs": {}
    },
    {
      "type": "wokwi-photoresistor-sensor",
      "id": "ldr2",
      "top": -16,
      "left": -344.8,
      "attrs": {}
    },
    {
      "type": "wokwi-photoresistor-sensor",
      "id": "ldr3",
      "top": 89.6,
      "left": -344.8,
      "attrs": {}
    },
    {
      "type": "wokwi-hc-sr04",
      "id": "ultrasonic1",
      "top": -31.9,
      "left": -535.7,
      "rotate": 270,
      "attrs": {}
    }
  ],
  "connections": [
    [ "led3:C", "bb1:1t.a", "green", [ "v9.6", "h86.8", "v67.2" ] ],
    [ "led4:C", "bb1:1t.b", "green", [ "v28.8", "h96.4", "v-76.8" ] ],
    [ "led2:C", "bb1:1t.c", "green", [ "v48", "h317.2", "v-76.8" ] ],
    [ "led1:C", "bb1:1t.d", "green", [ "v9.6", "h211.6", "v48", "h134.4", "v57.6" ] ],
    [ "driver1:IN1", "uno:8", "green", [ "h-28.8", "v-230.4", "h451.2" ] ],
    [ "driver1:IN2", "uno:9", "green", [ "h-38.4", "v-230.4", "h76.8" ] ],
    [ "driver1:IN3", "uno:10", "green", [ "h-48", "v-230.4", "h460.8" ] ],
    [ "driver1:IN4", "uno:11", "green", [ "h-19.2", "v-230.4", "h422.4" ] ],
    [ "driver1:EN A", "uno:5", "magenta", [ "h86.4", "v-230.4", "h374.4" ] ],
    [ "driver1:GND", "bb1:1t.b", "black", [ "h59.41", "v57.6" ] ],
    [ "driver1:OUT1", "led1:A", "green", [ "h0" ] ],
    [ "driver1:OUT2", "led2:A", "green", [ "h11.41", "v38.4" ] ],
    [ "driver1:OUT3", "led4:A", "green", [ "h88.21", "v76.8" ] ],
    [ "driver1:OUT4", "led3:A", "green", [ "v0", "h78.61" ] ],
    [ "driver1:5V", "uno:5V", "red", [ "h136.21", "v-67.2", "h182.4" ] ],
    [ "ldr3:VCC", "uno:5V", "red", [ "h28.8", "v-105.6", "h-9.6" ] ],
    [ "ldr1:GND", "driver1:GND", "black", [ "h19.2", "v114.8", "h-9.6" ] ],
    [ "ldr2:VCC", "uno:5V", "red", [ "h0" ] ],
    [ "ldr1:VCC", "uno:5V", "red", [ "h0" ] ],
    [ "ldr3:DO", "uno:2", "cyan", [ "h9.6", "v105", "h-9.6" ] ],
    [ "ldr2:DO", "uno:3", "cyan", [ "h38.4", "v201", "h-48" ] ],
    [ "ldr1:DO", "uno:4", "cyan", [ "h0" ] ],
    [ "driver1:EN B", "uno:6", "magenta", [ "h-86.4", "v-316.8", "h700.8" ] ],
    [ "ldr2:GND", "driver1:GND", "black", [ "h0" ] ],
    [ "ldr3:GND", "driver1:5V", "black", [ "h220.8", "v-0.4" ] ],
    [ "uno:GND.2", "bb1:1t.b", "black", [ "v76.7", "h-284.1" ] ],
    [ "ultrasonic1:TRIG", "uno:12", "green", [ "h19.2", "v-220.4", "h902.4" ] ],
    [ "uno:13", "ultrasonic1:ECHO", "green", [ "v-28.8", "h-882.8", "v201.6" ] ],
    [ "ultrasonic1:GND", "uno:GND.2", "black", [ "h9.6", "v-200.4", "h940.8" ] ],
    [ "ultrasonic1:VCC", "uno:5V", "red", [ "h38.4", "v-240", "h892.8", "v182.4", "h9.6" ] ]
  ],
  "dependencies": { "chip-l298n": "github:drf5n/Wokwi-Chip-L298N@1.0.5" }
}